aaron arm ( newfoundland ) aaron cove ( newfoundland ) aaron island ( newfoundland ) abbate point ( newfoundland ) admiral 's point ( newfoundland ) abbott cove ( newfoundland ) adnavik ( labrador ) aillik ( labrador ) alderburn ( newfoundland ) alder island ( newfoundland ) alexander bay station ( newfoundland ) allan cove ( newfoundland ) allan 's island ( newfoundland ) amelia cove ( newfoundland ) american cove ( labrador ) amherst cove ( newfoundland ) amos cove ( newfoundland ) anderson 's cove ( newfoundland ) angel 's cove ( newfoundland ) angelbrook ( newfoundland ) ann 's cove , burin ( newfoundland ) ann 's cove , placentia ( newfoundland ) anstey 's cove ( newfoundland ) antelope , strait of belle isle ( labrador ) anthony island ( newfoundland ) appleton ( newfoundland ) apsey beach ( newfoundland ) apsey brook ( newfoundland ) apsey cove ( newfoundland ) apsey point ( newfoundland ) aquiller ( newfoundland ) archie campbell 's cove ( newfoundland ) argentia ( newfoundland ) ariege bay ( newfoundland ) arnold 's cove station ( newfoundland ) aspen cove ( newfoundland ) assizes harbour ( newfoundland ) athlone ( newfoundland ) avondale north ( newfoundland ) mary 's ( newfoundland ) caplin cove , conception bay ( newfoundland ) cappahayden ( newfoundland ) capstan island ( labrador ) carmanville ( newfoundland ) carrol cove ( labrador ) carter 's cove ( newfoundland ) cartyville ( newfoundland ) castor river north ( newfoundland ) catalina ( newfoundland ) cavendish ( newfoundland ) chamberlains ( newfoundland ) champneys ( newfoundland ) chance cove provincial park ( newfoundland ) chanceport ( newfoundland ) chapel 's cove ( newfoundland ) charles brook ( newfoundland ) charleston ( newfoundland ) charlottetown ( newfoundland ) chateau bay ( labrador ) chimney cove ( newfoundland ) chimney tickle ( labrador ) churchill falls ( labrador ) clarke 's head ( newfoundland ) clattice harbour ( newfoundland ) cobb 's arm ( newfoundland ) codroy ( newfoundland ) coffee cove ( newfoundland ) coley 's point ( newfoundland ) come by chance ( newfoundland ) comfort bight ( labrador ) comfort cove ( newfoundland ) coney arm ( newfoundland ) connaigre ( newfoundland ) conne ( newfoundland ) conne river ( newfoundland ) corbin , fortune bay ( newfoundland ) corbin , burin peninsula ( newfoundland ) cottrell 's cove ( newfoundland ) croque ( newfoundland ) cul de sac east ( newfoundland ) cul de sac west ( newfoundland ) cull 's harbour ( newfoundland ) cupids ( newfoundland ) cupids crossing ( newfoundland ) curling ( newfoundland ) cuslett ( newfoundland ) daniel 's cove ( newfoundland ) daniel 's harbour ( newfoundland ) darby 's harbour ( newfoundland ) davis cove ( newfoundland ) davis inlet ( labrador ) dawson 's cove ( newfoundland ) deadman 's bay ( newfoundland ) deadman 's cove ( newfoundland ) deep bay ( newfoundland ) deep bight ( newfoundland ) deer harbour ( newfoundland ) deer island ( newfoundland ) dildo ( newfoundland ) the dock ( newfoundland ) doctor 's harbour ( newfoundland ) dog cove ( newfoundland ) domino ( labrador ) donovans ( newfoundland ) doting cove ( newfoundland ) dover ( newfoundland ) the droke ( newfoundland ) dunfield ( newfoundland ) dunville ( newfoundland ) durrell ( newfoundland ) eastport ( newfoundland ) eddies cove east ( newfoundland ) eddies cove west ( newfoundland ) elliott 's cove ( newfoundland ) emeril ( labrador ) emily harbour ( newfoundland ) english harbour ( newfoundland ) english harbour west ( newfoundland ) epworth ( newfoundland ) exploits ( newfoundland ) facheux bay ( newfoundland ) fair haven ( newfoundland ) fair island ( newfoundland ) fairbank ( newfoundland ) felix cove ( newfoundland ) fischot island ( newfoundland ) flat bay ( newfoundland ) flat bay west ( newfoundland ) flat islands ( newfoundland ) flat islands ( newfoundland ) flatrock ( newfoundland ) flatrock , conception bay ( newfoundland ) flowers cove ( newfoundland ) flowers island ( newfoundland ) fogo ( newfoundland ) ford 's harbour ( labrador ) foote 's cove ( newfoundland ) forrester 's point ( newfoundland ) fort point ( newfoundland ) forteau ( labrador ) fortune bay ( newfoundland ) fortune harbour ( newfoundland ) fox harbour , placentia bay ( newfoundland ) fox island , hermitage bay ( newfoundland ) fox island , south coast ( newfoundland ) fox island river ( newfoundland ) fox point ( labrador ) fox roost ( newfoundland ) foxtrap ( newfoundland ) francois ( newfoundland ) frederickton ( newfoundland ) frenchman 's island ( newfoundland ) frenchman 's cove ( newfoundland ) freshwater , bell island ( newfoundland ) freshwater , conception bay ( newfoundland ) freshwater , placentia bay ( newfoundland ) fry 's cove ( labrador ) furby 's cove ( newfoundland ) gander bay south ( newfoundland ) garden cove ( newfoundland ) garia ( newfoundland ) george 's brook ( newfoundland ) george 's cove ( labrador ) georgetown ( newfoundland ) gin cove ( newfoundland ) glovertown ( newfoundland ) goobies ( newfoundland ) goose arm ( newfoundland ) goose cove , hare bay ( newfoundland ) goose cove , placentia bay ( newfoundland ) goose cove , trinity bay ( newfoundland ) gooseberry cove , placentia bay ( newfoundland ) gooseberry cove , trinity bay ( newfoundland ) gooseberry island ( newfoundland ) goulds ( newfoundland ) goulds road ( newfoundland ) grand bay west ( newfoundland ) grand beach ( newfoundland ) grand bruit ( newfoundland ) grandois ( newfoundland ) grandy 's brook ( newfoundland ) grand falls ( newfoundland ) grates cove ( newfoundland ) the gravels ( newfoundland ) great barasway ( newfoundland ) great brehat ( newfoundland ) great brule ( newfoundland ) great codroy ( newfoundland ) great harbour deep ( newfoundland ) great jervais ( newfoundland ) greeleytown ( newfoundland ) green cove ( newfoundland ) green island cove ( newfoundland ) green point ( newfoundland ) green 's harbour ( newfoundland ) grey river ( newfoundland ) grole ( newfoundland ) gull island ( newfoundland ) halfway point ( newfoundland ) halls town ( newfoundland ) hamilton river ( newfoundland ) happy adventure ( newfoundland ) harbour buffett ( newfoundland ) harbour grace south ( newfoundland ) harbour le cou ( newfoundland ) harbour mille ( newfoundland ) harbour round ( newfoundland ) harcourt ( newfoundland ) harry 's brook ( newfoundland ) harry 's harbour ( newfoundland ) hatchet cove ( newfoundland ) hatchet harbour ( newfoundland ) hay cove ( newfoundland ) head 's harbour ( newfoundland ) heart 's content ( newfoundland ) heart 's delight ( newfoundland ) heart 's desire ( newfoundland ) heatherton ( newfoundland ) hebron ( labrador ) henley harbour ( labrador ) hermitage-sandyville ( newfoundland ) herring neck ( newfoundland ) hibb 's cove ( newfoundland ) hickman 's harbour ( newfoundland ) highlands ( newfoundland ) hillgrade ( newfoundland ) hillview ( newfoundland ) hiscock 's point ( newfoundland ) hodderville ( newfoundland ) hodge 's cove ( newfoundland ) hoop cove ( newfoundland ) hopeall ( newfoundland ) hopewell ( newfoundland ) horse islands ( newfoundland ) horwood ( newfoundland ) la manche ( newfoundland ) la manche mines ( newfoundland ) la poile ( newfoundland ) ladle cove ( newfoundland ) lady cove ( newfoundland ) lake siding ( newfoundland ) lally cove ( newfoundland ) lancaster ( newfoundland ) lance cove ( newfoundland ) langue de cerf ( newfoundland ) l'anse amour ( labrador ) l'anse-au-diable ( labrador ) l'anse aux meadows ( newfoundland ) laurenceton ( newfoundland ) lawn ( newfoundland ) lead cove ( newfoundland ) lethbridge ( newfoundland ) little barasway ( newfoundland ) little bay ( newfoundland ) little bay east ( newfoundland ) little bay islands ( newfoundland ) little burnt bay ( newfoundland ) little catalina ( newfoundland ) little harbour ( newfoundland ) little harbour deep ( newfoundland ) little harbour east ( newfoundland ) little heart 's ease ( newfoundland ) little paradise ( newfoundland ) little port ( newfoundland ) little rapids ( newfoundland ) little ridge ( newfoundland ) little st mccallum ( newfoundland ) mckay 's ( newfoundland ) maberly ( newfoundland ) maddox cove ( newfoundland ) mahers ( newfoundland ) main point ( newfoundland ) mainland ( newfoundland ) makinsons ( newfoundland ) makkovik ( labrador ) mall bay ( newfoundland ) manuels ( newfoundland ) manuel 's cove ( newfoundland ) margaree ( newfoundland ) markland ( newfoundland ) marquise ( newfoundland ) marysvale ( newfoundland ) matthews cove ( labrador ) mattis point ( newfoundland ) melrose ( newfoundland ) merasheen ( newfoundland ) merritt 's harbour ( newfoundland ) michael 's harbour ( newfoundland ) middle amherst cove ( newfoundland ) middle arm , white bay ( newfoundland ) midland ( newfoundland ) mill cove ( newfoundland ) miller 's passage ( newfoundland ) millertown junction ( newfoundland ) millville ( newfoundland ) milton ( newfoundland ) mint brook ( newfoundland ) mobile ( newfoundland ) molliers ( newfoundland ) monkstown ( newfoundland ) monroe ( newfoundland ) moore 's cove ( newfoundland ) moreton 's harbour ( newfoundland ) morley 's siding ( newfoundland ) mosquito ( newfoundland ) the motion ( newfoundland ) mud lake ( labrador ) muddy bay ( labrador ) muddy brook ( newfoundland ) muddy hole ( newfoundland ) mulligan ( labrador ) murray 's harbour ( labrador ) parsons harbour ( newfoundland ) parson 's pond ( newfoundland ) pasadena ( newfoundland ) pass island ( newfoundland ) patrick 's cove ( newfoundland ) perry 's cove ( newfoundland ) petite forte ( newfoundland ) petites ( newfoundland ) petley ( newfoundland ) philips head ( newfoundland ) piccadilly ( newfoundland ) piccaire ( newfoundland ) pigeon cove ( newfoundland ) pikes arm ( newfoundland ) pinchard 's island ( newfoundland ) pines cove ( newfoundland ) pinsent 's arm ( newfoundland ) plate cove east ( newfoundland ) plate cove west ( newfoundland ) pleasantville ( newfoundland ) plum point ( newfoundland ) point au mal ( newfoundland ) point enragée ( newfoundland ) point la haye ( newfoundland ) point verde ( newfoundland ) pollards point ( newfoundland ) pond cove ( newfoundland ) port albert ( newfoundland ) port anne ( newfoundland ) port au bras ( newfoundland ) port au port ( newfoundland ) port aux basques ( newfoundland ) port de grave ( newfoundland ) port elizabeth ( newfoundland ) port hope simpson ( labrador ) port nelson ( newfoundland ) port royal ( newfoundland ) port union ( newfoundland ) portland ( newfoundland ) portland creek ( newfoundland ) portugal cove south ( newfoundland ) presque ( newfoundland ) princeton ( newfoundland ) pumbley cove ( newfoundland ) purbeck 's cove ( newfoundland ) purcell 's harbour ( newfoundland ) pushthrough ( newfoundland ) pynn 's brook ( newfoundland ) veronica 's ( newfoundland ) salmonier ( newfoundland ) sally 's cove ( newfoundland ) samson island ( newfoundland ) sandy point ( newfoundland ) searston ( newfoundland ) shearstown ( newfoundland ) sheaves cove ( newfoundland ) sheppardville ( newfoundland ) sheshatshiu ( labrador ) ship cove ( newfoundland ) ship harbour ( newfoundland ) shoal brook ( newfoundland ) shoal cove east ( newfoundland ) shoal cove west ( newfoundland ) shoal harbour ( newfoundland ) shoe cove ( newfoundland ) sibley 's cove ( newfoundland ) smith sound smith 's harbour ( newfoundland ) snook 's arm ( newfoundland ) snook 's harbour ( newfoundland ) sop 's arm ( newfoundland ) south branch ( newfoundland ) south dildo ( newfoundland ) southeast bight ( newfoundland ) southern arm ( newfoundland ) southeast placentia ( newfoundland ) southern bay ( newfoundland ) southport ( newfoundland ) southwest arm ( newfoundland ) spanish room ( newfoundland ) spencers cove ( newfoundland ) spillars cove , trinity bay ( newfoundland ) spillers cove ( newfoundland ) spread eagle ( newfoundland ) springdale ( newfoundland ) springfield ( newfoundland ) stag harbour ( newfoundland ) stanhope ( newfoundland ) stock cove ( newfoundland ) stoneville ( newfoundland ) straitsview ( newfoundland ) summerside ( newfoundland ) summerville ( newfoundland ) swain 's island ( newfoundland ) sweet bay ( newfoundland ) swift current ( newfoundland ) 